<xml xmlns:o="urn:schemas-microsoft-com:office:office">
 <o:MainFile HRef="../SSRS%20SDK%20for%20PHP%20User%20Guide.htm"/>
 <o:File HRef="item0001.xml"/>
 <o:File HRef="props0002.xml"/>
 <o:File HRef="item0003.xml"/>
 <o:File HRef="props0004.xml"/>
 <o:File HRef="item0005.xml"/>
 <o:File HRef="props0006.xml"/>
 <o:File HRef="item0007.xml"/>
 <o:File HRef="props0008.xml"/>
 <o:File HRef="item0009.xml"/>
 <o:File HRef="props0010.xml"/>
 <o:File HRef="themedata.thmx"/>
 <o:File HRef="colorschememapping.xml"/>
 <o:File HRef="image001.png"/>
 <o:File HRef="header.htm"/>
 <o:File HRef="filelist.xml"/>
</xml>