<?xml version="1.0" encoding="UTF-8" standalone="no"?>
<ds:datastoreItem ds:itemID="{C3AA8532-F62B-4BB0-9BFB-3A8FD9926D81}" xmlns:ds="http://schemas.openxmlformats.org/officeDocument/2006/customXml"><ds:schemaRefs><ds:schemaRef ds:uri="http://schemas.microsoft.com/office/2006/metadata/contentType"/><ds:schemaRef ds:uri="http://schemas.microsoft.com/office/2006/metadata/properties/metaAttributes"/><ds:schemaRef ds:uri="http://www.w3.org/2001/XMLSchema"/><ds:schemaRef ds:uri="http://schemas.microsoft.com/office/2006/metadata/properties"/><ds:schemaRef ds:uri="51808829-9714-44fd-aa45-458c402710b4"/><ds:schemaRef ds:uri="http://schemas.microsoft.com/office/2006/documentManagement/types"/><ds:schemaRef ds:uri="http://schemas.microsoft.com/office/infopath/2007/PartnerControls"/><ds:schemaRef ds:uri="http://schemas.openxmlformats.org/package/2006/metadata/core-properties"/><ds:schemaRef ds:uri="http://purl.org/dc/elements/1.1/"/><ds:schemaRef ds:uri="http://purl.org/dc/terms/"/><ds:schemaRef ds:uri="http://schemas.microsoft.com/internal/obd"/></ds:schemaRefs></ds:datastoreItem>